Nazwa Jednostki,Regon,Dzial,Rozdzial,Grupa,Paragraf,P4,PL,ZA,WW,ZO
Szkoła Podstawowa Nr 7,368246055,801,80101,1300,302,0,10280,9803.89,9803.89,0
Szkoła Podstawowa Nr 7,368246056,801,80101,1400,401,0,674540,673221.42,658989.84,14231.58
Szkoła Podstawowa Nr 7,368246057,801,80101,1400,404,0,48295,48276.23,48276.23,48701.67
Szkoła Podstawowa Nr 7,368246058,801,80101,1400,411,0,475031,471238.45,435647.68,68617.59
Szkoła Podstawowa Nr 7,368246059,801,80101,1400,412,0,49145,47858.82,43456.56,7730.56
Szkoła Podstawowa Nr 7,368246060,801,80101,1400,417,0,12700,10278.2,10154.2,124
Szkoła Podstawowa Nr 7,368246061,801,80101,1100,421,0,59404,59404,59404,0
Szkoła Podstawowa Nr 7,368246062,801,80101,1100,424,0,10490,10489.38,10489.38,0
Szkoła Podstawowa Nr 7,368246063,801,80101,1100,426,0,235000,231926.79,187179.2,44747.59
Szkoła Podstawowa Nr 7,368246064,801,80101,1100,427,0,23000,20667.29,20359.79,307.5
Szkoła Podstawowa Nr 7,368246065,801,80101,1100,428,0,5000,4295,4295,0
Szkoła Podstawowa Nr 7,368246066,801,80101,1100,430,0,51260,50622.57,50622.57,0
Szkoła Podstawowa Nr 7,368246067,801,80101,1100,436,0,2620,1774.62,1774.62,0
Szkoła Podstawowa Nr 7,368246068,801,80101,1100,441,0,2100,99,99,0
Szkoła Podstawowa Nr 7,368246069,801,80101,1100,444,0,184388,184388,184388,0
Szkoła Podstawowa Nr 7,368246070,801,80101,1100,448,0,310,0,0,0
Szkoła Podstawowa Nr 7,368246071,801,80101,1100,470,0,4190,2117,2117,0
Szkoła Podstawowa Nr 7,368246072,801,80101,1400,479,0,1870338,1870043.68,1816704.04,53339.64
Szkoła Podstawowa Nr 7,368246073,801,80101,1400,480,0,125450,125417.31,125417.31,143426.66
Szkoła Podstawowa Nr 7,368246074,801,80101,1600,605,0,50000,49999.99,49999.99,0
Szkoła Podstawowa Nr 7,368246075,801,80101,1600,606,0,90000,90000,90000,0
Szkoła Podstawowa Nr 7,368246076,801,80107,1400,411,0,31835,31119.07,30136.12,3422.25
Szkoła Podstawowa Nr 7,368246077,801,80107,1400,412,0,3120,2581.49,2581.49,213.96
Szkoła Podstawowa Nr 7,368246078,801,80107,1100,444,0,8710,8710,8710,0
Szkoła Podstawowa Nr 7,368246079,801,80107,1400,479,0,158910,156697.6,155207.57,1490.03
Szkoła Podstawowa Nr 7,368246080,801,80107,1400,480,0,12800,12783.97,12783.97,14190.1
Szkoła Podstawowa Nr 7,368246081,801,80146,1100,430,0,4222,2260,2260,0
Szkoła Podstawowa Nr 7,368246082,801,80146,1100,470,0,7038,6990,6990,0
Szkoła Podstawowa Nr 7,368246083,801,80150,1400,411,0,5321,5130.37,5130.37,0
Szkoła Podstawowa Nr 7,368246084,801,80150,1400,412,0,680,680,680,0
Szkoła Podstawowa Nr 7,368246085,801,80150,1400,471,0,99,0,0,0
Szkoła Podstawowa Nr 7,368246086,801,80150,1400,479,0,32335,29845.11,29845.11,0
Szkoła Podstawowa Nr 7,368246087,801,80153,1100,424,0,31454.28,31454.28,31454.28,0
Szkoła Podstawowa Nr 7,368246088,854,85416,1300,324,0,6448,6448,6448,0
Szkoła Podstawowa Nr 9,1070630,801,80101,1300,302,0,17900,17895.92,17895.92,0
Szkoła Podstawowa Nr 9,1070630,801,80101,1400,401,0,915187,846086.6,846086.6,0
Szkoła Podstawowa Nr 9,1070630,801,80101,1400,404,0,60700,60671.87,60671.87,69096.75
Szkoła Podstawowa Nr 9,1070630,801,80101,1400,411,0,961912,920981.23,864745.42,124278.89
Szkoła Podstawowa Nr 9,1070630,801,80101,1400,412,0,140703,90132.15,83281.11,13197.42
Szkoła Podstawowa Nr 9,1070630,801,80101,1400,417,0,7000,0,0,0
Szkoła Podstawowa Nr 9,1070630,801,80101,1100,421,0,120630,120628.84,120628.84,0
Szkoła Podstawowa Nr 9,1070630,801,80101,1100,424,0,52000,15389.06,15389.06,0
Szkoła Podstawowa Nr 9,1070630,801,80101,1100,426,0,414000,294241.2,273772.28,20468.92
Szkoła Podstawowa Nr 9,1070630,801,80101,1100,427,0,32497,32276.34,32276.34,0
Szkoła Podstawowa Nr 9,1070630,801,80101,1100,428,0,4000,2270,2270,0
Szkoła Podstawowa Nr 9,1070630,801,80101,1100,430,0,148150,148121.32,148121.32,0
Szkoła Podstawowa Nr 9,1070630,801,80101,1100,436,0,9200,5310.91,5310.91,0
Szkoła Podstawowa Nr 9,1070630,801,80101,1100,441,0,1100,818.45,818.45,0
Szkoła Podstawowa Nr 9,1070630,801,80101,1100,444,0,357533,357532.35,357532.35,0
Szkoła Podstawowa Nr 9,1070630,801,80101,1100,448,0,1000,143,143,0
Szkoła Podstawowa Nr 9,1070630,801,80101,1100,470,0,4000,3132,3132,0
Szkoła Podstawowa Nr 9,1070630,801,80101,1400,471,0,10047,4117.7,4117.7,324.7
Szkoła Podstawowa Nr 9,1070630,801,80101,1400,479,0,4368718,4174698.33,4075893.23,98805.1
Szkoła Podstawowa Nr 9,1070630,801,80101,1400,480,0,320200,320109.01,320109.01,328815.89
Szkoła Podstawowa Nr 9,1070630,801,80101,1600,605,0,40000,40000,40000,0
Szkoła Podstawowa Nr 9,1070630,801,80101,1600,606,0,222300,222300,222300,0
Szkoła Podstawowa Nr 9,1070630,801,80107,1300,302,0,1000,1000,1000,0
Szkoła Podstawowa Nr 9,1070630,801,80107,1400,411,0,52700,47693.41,43348.91,8395.23
Szkoła Podstawowa Nr 9,1070630,801,80107,1400,412,0,8000,5001.02,4534.11,890.41
Szkoła Podstawowa Nr 9,1070630,801,80107,1100,444,0,17252,17251.11,17251.11,0
Szkoła Podstawowa Nr 9,1070630,801,80107,1400,471,0,1500,0,0,0
Szkoła Podstawowa Nr 9,1070630,801,80107,1400,479,0,286498,279626.18,276276.57,3349.61
Szkoła Podstawowa Nr 9,1070630,801,80107,1400,480,0,19500,19431.58,19431.58,23688.5
Szkoła Podstawowa Nr 9,1070630,801,80146,1100,430,0,10087,6199.2,6199.2,0
Szkoła Podstawowa Nr 9,1070630,801,80146,1100,470,0,16813,16741,16741,0
Szkoła Podstawowa Nr 9,1070630,801,80148,1300,302,0,1100,1057.37,1057.37,0
Szkoła Podstawowa Nr 9,1070630,801,80148,1400,401,0,329460,324336.82,322012.13,2324.69
Szkoła Podstawowa Nr 9,1070630,801,80148,1400,404,0,21500,21456.7,21456.7,25089.81
Szkoła Podstawowa Nr 9,1070630,801,80148,1400,411,0,63100,61557.42,56530.23,9317.56
Szkoła Podstawowa Nr 9,1070630,801,80148,1400,412,0,8300,4882.53,4552.81,660.47
Szkoła Podstawowa Nr 9,1070630,801,80148,1100,422,0,563000,546715.5,546715.5,0
Szkoła Podstawowa Nr 9,1070630,801,80148,1100,428,0,700,210,210,0
Szkoła Podstawowa Nr 9,1070630,801,80148,1100,444,0,12190,12189.57,12189.57,0
Szkoła Podstawowa Nr 9,1070630,801,80148,1400,471,0,1000,0,0,0
Szkoła Podstawowa Nr 9,1070630,801,80150,1400,411,0,96500,96304.68,96304.68,7651.27
Szkoła Podstawowa Nr 9,1070630,801,80150,1400,412,0,14500,13771.26,13771.26,1096.24
Szkoła Podstawowa Nr 9,1070630,801,80150,1100,421,0,8000,7795.63,7795.63,0
Szkoła Podstawowa Nr 9,1070630,801,80150,1100,424,0,4000,3974.44,3974.44,0
Szkoła Podstawowa Nr 9,1070630,801,80150,1400,479,0,529100,527865.97,527865.97,0
Szkoła Podstawowa Nr 9,1070630,801,80150,1400,480,0,34500,34498.06,34498.06,44744.33
Szkoła Podstawowa Nr 9,1070630,801,80150,1600,606,0,10000,10000,10000,0
Szkoła Podstawowa Nr 9,1070630,801,80153,1100,424,0,56768.58,56768.58,56768.58,0
Szkoła Podstawowa Nr 9,1070630,854,85416,1300,324,0,28520,28520,28520,0
Szkoła Podstawowa Nr 9,1070630,926,92601,1300,302,0,2100,597.08,597.08,0
Szkoła Podstawowa Nr 9,1070630,926,92601,1400,401,0,251835,235919.1,234569.67,1349.43
Szkoła Podstawowa Nr 9,1070630,926,92601,1400,404,0,14900,14866.34,14866.34,18877.56
Szkoła Podstawowa Nr 9,1070630,926,92601,1400,411,0,47800,43003.13,41069.35,5161.83
Szkoła Podstawowa Nr 9,1070630,926,92601,1400,412,0,6800,6207.88,5790.71,879.66
Szkoła Podstawowa Nr 9,1070630,926,92601,1100,421,0,7639,2788.3,2788.3,0
Szkoła Podstawowa Nr 9,1070630,926,92601,1100,426,0,696000,661720.19,577308.78,84411.41
Szkoła Podstawowa Nr 9,1070630,926,92601,1100,430,0,6000,3671.51,2527.79,1143.72
Szkoła Podstawowa Nr 9,1070630,926,92601,1100,444,0,8315,8314.85,8314.85,0
Szkoła Podstawowa Nr 9,1070630,926,92601,1400,471,0,1000,0,0,0
Szkoła Podstawowa Nr 2,368245067,801,80101,1300,302,0,11900,10847.83,10847.83,0
Szkoła Podstawowa Nr 2,368245067,801,80101,1400,401,0,639800,621507.31,621507.31,0
Szkoła Podstawowa Nr 2,368245067,801,80101,1400,404,0,47078,47077.32,47077.32,51911.9
Szkoła Podstawowa Nr 2,368245067,801,80101,1400,411,0,454283,438156.6,438156.6,32914.63
Szkoła Podstawowa Nr 2,368245067,801,80101,1400,412,0,54763,48029.25,48029.25,3131.59
Szkoła Podstawowa Nr 2,368245067,801,80101,1400,417,0,5200,0,0,0
Szkoła Podstawowa Nr 2,368245067,801,80101,1100,421,0,106010,74213.99,74213.99,0
Szkoła Podstawowa Nr 2,368245067,801,80101,1100,424,0,9150,9146.94,9146.94,0
Szkoła Podstawowa Nr 2,368245067,801,80101,1100,426,0,241000,228010.58,228010.58,0
Szkoła Podstawowa Nr 2,368245067,801,80101,1100,427,0,15600,14753.73,14753.73,0
Szkoła Podstawowa Nr 2,368245067,801,80101,1100,428,0,5000,4260,4260,0
Szkoła Podstawowa Nr 2,368245067,801,80101,1100,430,0,73237,71021.49,71021.49,0
Szkoła Podstawowa Nr 2,368245067,801,80101,1100,436,0,6800,5262.43,5262.43,0
Szkoła Podstawowa Nr 2,368245067,801,80101,1100,441,0,1160,82.6,82.6,0
Szkoła Podstawowa Nr 2,368245067,801,80101,1100,444,0,178629,172137.97,172137.97,0
Szkoła Podstawowa Nr 2,368245067,801,80101,1100,448,0,316,0,0,0
Szkoła Podstawowa Nr 2,368245067,801,80101,1100,453,0,500,0,0,0
Szkoła Podstawowa Nr 2,368245067,801,80101,1100,470,0,3187,1105,1105,0
Szkoła Podstawowa Nr 2,368245067,801,80101,1400,471,0,3000,2520.57,2520.57,241.77
Szkoła Podstawowa Nr 2,368245067,801,80101,1400,479,0,1827606,1742196.34,1742196.34,0
Szkoła Podstawowa Nr 2,368245067,801,80101,1400,480,0,130391,130390.69,130390.69,140570.84
Szkoła Podstawowa Nr 2,368245067,801,80101,1600,606,0,80100,80100,80100,0
Szkoła Podstawowa Nr 2,368245067,801,80107,1400,411,0,27500,24216.4,24216.4,1636.45
Szkoła Podstawowa Nr 2,368245067,801,80107,1400,412,0,3500,3102.9,3102.9,234.46
Szkoła Podstawowa Nr 2,368245067,801,80107,1100,444,0,6700,6699.46,6699.46,0
Szkoła Podstawowa Nr 2,368245067,801,80107,1400,471,0,1000,32.85,32.85,0
Szkoła Podstawowa Nr 2,368245067,801,80107,1400,479,0,123500,113868.44,113868.44,0
Szkoła Podstawowa Nr 2,368245067,801,80107,1400,480,0,10333,10332.13,10332.13,9569.93
Szkoła Podstawowa Nr 2,368245067,801,80146,1100,430,0,4269,1200,1200,0
Szkoła Podstawowa Nr 2,368245067,801,80146,1100,470,0,7116,7025.2,7025.2,0
Szkoła Podstawowa Nr 2,368245067,801,80148,1300,302,0,1900,1714.65,1714.65,0
Szkoła Podstawowa Nr 2,368245067,801,80148,1400,401,0,209900,202602.29,202602.29,0
Szkoła Podstawowa Nr 2,368245067,801,80148,1400,404,0,14450,14449.55,14449.55,15249.84
Szkoła Podstawowa Nr 2,368245067,801,80148,1400,411,0,40700,37585.56,37585.56,2607.74
Szkoła Podstawowa Nr 2,368245067,801,80148,1400,412,0,6300,4073.29,4073.29,284.82
Szkoła Podstawowa Nr 2,368245067,801,80148,1100,421,0,72181,72180.15,72180.15,0
Szkoła Podstawowa Nr 2,368245067,801,80148,1100,422,0,225000,181849.82,181849.82,0
Szkoła Podstawowa Nr 2,368245067,801,80148,1100,430,0,14400,14400,14400,0
Szkoła Podstawowa Nr 2,368245067,801,80148,1100,444,0,9147,9146.33,9146.33,0
Szkoła Podstawowa Nr 2,368245067,801,80148,1400,471,0,1000,0,0,0
Szkoła Podstawowa Nr 2,368245067,801,80150,1400,411,0,22000,21545.9,21545.9,1556.99
Szkoła Podstawowa Nr 2,368245067,801,80150,1400,412,0,3000,2807.15,2807.15,190.22
Szkoła Podstawowa Nr 2,368245067,801,80150,1100,444,0,8040,8039.35,8039.35,0
Szkoła Podstawowa Nr 2,368245067,801,80150,1400,471,0,1000,0,0,0
Szkoła Podstawowa Nr 2,368245067,801,80150,1400,479,0,124515,121353.59,121353.59,0
Szkoła Podstawowa Nr 2,368245067,801,80150,1400,480,0,2720,2707.26,2707.26,9105.16
Szkoła Podstawowa Nr 2,368245067,801,80153,1100,424,0,28614.96,28614.96,28614.96,0
Szkoła Podstawowa Nr 2,368245067,854,85416,1300,324,0,3472,3472,3472,0
Szkoła Podstawowa Nr 1,903334,801,80101,1300,302,0,23141,20554.76,20554.76,0
Szkoła Podstawowa Nr 1,903334,801,80101,1400,401,0,1139083,1133095.7,1099398.93,33696.77
Szkoła Podstawowa Nr 1,903334,801,80101,1400,404,0,68080,68070.8,68070.8,82690.46
Szkoła Podstawowa Nr 1,903334,801,80101,1400,411,0,1009136,967690.16,902268.62,135838.2
Szkoła Podstawowa Nr 1,903334,801,80101,1400,412,0,109345,87811.56,80564.57,13018.51
Szkoła Podstawowa Nr 1,903334,801,80101,1400,417,0,2000,0,0,0
Szkoła Podstawowa Nr 1,903334,801,80101,1100,421,0,134000,133848.99,133848.99,0
Szkoła Podstawowa Nr 1,903334,801,80101,1100,424,0,51833,51767.8,51767.8,0
Szkoła Podstawowa Nr 1,903334,801,80101,1100,426,0,605462,572425.71,507128.26,65297.45
Szkoła Podstawowa Nr 1,903334,801,80101,1100,427,0,75088,74892.36,74584.86,307.5
Szkoła Podstawowa Nr 1,903334,801,80101,1100,428,0,3932,3430,3430,0
Szkoła Podstawowa Nr 1,903334,801,80101,1100,430,0,112805,105122.93,100943.28,4179.65
Szkoła Podstawowa Nr 1,903334,801,80101,1100,436,0,5876,5527.44,5527.44,0
Szkoła Podstawowa Nr 1,903334,801,80101,1100,439,0,1316,271.79,271.79,0
Szkoła Podstawowa Nr 1,903334,801,80101,1100,441,0,1536,394.46,394.46,0
Szkoła Podstawowa Nr 1,903334,801,80101,1100,444,0,348861,348860.51,348860.51,0
Szkoła Podstawowa Nr 1,903334,801,80101,1100,448,0,828,801,801,0
Szkoła Podstawowa Nr 1,903334,801,80101,1100,453,0,514,0,0,0
Szkoła Podstawowa Nr 1,903334,801,80101,1100,470,0,3914,2049,2049,0
Szkoła Podstawowa Nr 1,903334,801,80101,1400,471,0,10000,8606.62,8606.62,684.45
Szkoła Podstawowa Nr 1,903334,801,80101,1400,479,0,4451916,4281568.73,4182664.81,98903.92
Szkoła Podstawowa Nr 1,903334,801,80101,1400,480,0,295620,295618.46,295618.46,326946.76
Szkoła Podstawowa Nr 1,903334,801,80101,1600,605,0,20000,20000,20000,0
Szkoła Podstawowa Nr 1,903334,801,80101,1600,606,0,255300,255300,255300,0
Szkoła Podstawowa Nr 1,903334,801,80107,1300,302,0,644,270,270,0
Szkoła Podstawowa Nr 1,903334,801,80107,1400,411,0,54594,51807.72,48698.81,6199.93
Szkoła Podstawowa Nr 1,903334,801,80107,1400,412,0,4453,3695.08,3434.5,530.72
Szkoła Podstawowa Nr 1,903334,801,80107,1100,428,0,229,50,50,0
Szkoła Podstawowa Nr 1,903334,801,80107,1100,444,0,15074,15073.78,15073.78,0
Szkoła Podstawowa Nr 1,903334,801,80107,1400,471,0,200,0.37,0.37,0
Szkoła Podstawowa Nr 1,903334,801,80107,1400,479,0,285310,271910.71,267084.74,4825.97
Szkoła Podstawowa Nr 1,903334,801,80107,1400,480,0,19400,19309.61,19309.61,17981.56
Szkoła Podstawowa Nr 1,903334,801,80146,1100,430,0,14331,2600,2600,0
Szkoła Podstawowa Nr 1,903334,801,80146,1100,470,0,23886,23882.97,23882.97,0
Szkoła Podstawowa Nr 1,903334,801,80148,1300,302,0,1889,1163.17,1163.17,0
Szkoła Podstawowa Nr 1,903334,801,80148,1400,401,0,315726,314171.09,305076.08,9095.01
Szkoła Podstawowa Nr 1,903334,801,80148,1400,404,0,21170,21162.98,21162.98,23200.67
Szkoła Podstawowa Nr 1,903334,801,80148,1400,411,0,57540,57484.46,51318.01,10154.65
Szkoła Podstawowa Nr 1,903334,801,80148,1400,412,0,7343,6406.83,5768.79,1071.46
Szkoła Podstawowa Nr 1,903334,801,80148,1100,421,0,14255,14249.75,14249.75,0
Szkoła Podstawowa Nr 1,903334,801,80148,1100,422,0,474000,432621.93,432621.93,0
Szkoła Podstawowa Nr 1,903334,801,80148,1100,426,0,1120,495,495,0
Szkoła Podstawowa Nr 1,903334,801,80148,1100,428,0,449,380,380,0
Szkoła Podstawowa Nr 1,903334,801,80148,1100,430,0,5341,4638.65,4325.45,313.2
Szkoła Podstawowa Nr 1,903334,801,80148,1100,444,0,13304,13303.76,13303.76,0
Szkoła Podstawowa Nr 1,903334,801,80148,1400,471,0,200,0,0,0
Szkoła Podstawowa Nr 1,903334,801,80150,1400,411,0,304688,301475.29,291756.35,31573.2
Szkoła Podstawowa Nr 1,903334,801,80150,1400,412,0,39253,37784.19,36203.78,3937.32
Szkoła Podstawowa Nr 1,903334,801,80150,1100,421,0,42223.2,42223.2,42223.2,0
Szkoła Podstawowa Nr 1,903334,801,80150,1100,444,0,98617,98616.05,98616.05,0
Szkoła Podstawowa Nr 1,903334,801,80150,1400,471,0,5424,3677.48,3677.48,276.66
Szkoła Podstawowa Nr 1,903334,801,80150,1400,479,0,1630306,1615626.37,1594677.88,20948.49
Szkoła Podstawowa Nr 1,903334,801,80150,1400,480,0,155020,154983.52,154983.52,127133.83
Szkoła Podstawowa Nr 1,903334,801,80153,1100,424,0,75791.94,75791.94,75791.94,0
Szkoła Podstawowa Nr 1,903334,801,80195,1600,605,0,10000,9991.83,9991.83,0
Szkoła Podstawowa Nr 1,903334,854,85416,1300,324,0,18600,18600,18600,0
Szkoła Podstawowa Nr 6,903280,801,80101,1300,302,0,11547,11542.63,11542.63,0
Szkoła Podstawowa Nr 6,903280,801,80101,1400,401,0,740000,703327.07,689042.44,14284.63
Szkoła Podstawowa Nr 6,903280,801,80101,1400,404,0,53200,53169.21,53169.21,54354.73
Szkoła Podstawowa Nr 6,903280,801,80101,1400,411,0,580012,556812.05,509935.55,94780.59
Szkoła Podstawowa Nr 6,903280,801,80101,1400,412,0,64431,54470.15,49176.72,10096.96
Szkoła Podstawowa Nr 6,903280,801,80101,1400,417,0,6,0,0,0
Szkoła Podstawowa Nr 6,903280,801,80101,1100,421,0,94107,58956.13,58956.13,0
Szkoła Podstawowa Nr 6,903280,801,80101,1100,424,0,19129,19125.6,19125.6,0
Szkoła Podstawowa Nr 6,903280,801,80101,1100,426,0,401300,395155.8,395155.8,0
Szkoła Podstawowa Nr 6,903280,801,80101,1100,427,0,7808,7798.2,7798.2,0
Szkoła Podstawowa Nr 6,903280,801,80101,1100,428,0,4523,4384,4384,0
Szkoła Podstawowa Nr 6,903280,801,80101,1100,430,0,83514,79459.16,79459.16,0
Szkoła Podstawowa Nr 6,903280,801,80101,1100,436,0,3084,2784.34,2784.34,0
Szkoła Podstawowa Nr 6,903280,801,80101,1100,441,0,689,329.4,329.4,0
Szkoła Podstawowa Nr 6,903280,801,80101,1100,444,0,204094,204094,204094,0
Szkoła Podstawowa Nr 6,903280,801,80101,1100,470,0,1506,1478,1478,0
Szkoła Podstawowa Nr 6,903280,801,80101,1400,471,0,6000,5085.74,5085.74,392.74
Szkoła Podstawowa Nr 6,903280,801,80101,1400,479,0,2315317,2274575.6,2210018.08,64557.52
Szkoła Podstawowa Nr 6,903280,801,80101,1400,480,0,217000,216934.39,216934.39,224319.25
Szkoła Podstawowa Nr 6,903280,801,80101,1600,605,0,15000,14991.05,14991.05,0
Szkoła Podstawowa Nr 6,903280,801,80101,1600,606,0,139200,139200,139200,0
Szkoła Podstawowa Nr 6,903280,801,80107,1400,411,0,43000,40598.48,37201.98,6390.73
Szkoła Podstawowa Nr 6,903280,801,80107,1400,412,0,6000,4652.89,4329.82,655.95
Szkoła Podstawowa Nr 6,903280,801,80107,1100,444,0,13164,13164,13164,0
Szkoła Podstawowa Nr 6,903280,801,80107,1400,471,0,90,24.41,24.41,0
Szkoła Podstawowa Nr 6,903280,801,80107,1400,479,0,249000,241245.21,234690.07,6555.14
Szkoła Podstawowa Nr 6,903280,801,80107,1400,480,0,16450,16449.3,16449.3,17418.33
Szkoła Podstawowa Nr 6,903280,801,80146,1100,430,0,7021,0,0,0
Szkoła Podstawowa Nr 6,903280,801,80146,1100,470,0,11702,11702,11702,0
Szkoła Podstawowa Nr 6,903280,801,80148,1300,302,0,1945,1934.89,1934.89,0
Szkoła Podstawowa Nr 6,903280,801,80148,1400,401,0,229000,223274.02,218259.81,5014.21
Szkoła Podstawowa Nr 6,903280,801,80148,1400,404,0,17700,17668.16,17668.16,15632.76
Szkoła Podstawowa Nr 6,903280,801,80148,1400,411,0,46000,43306.72,39707.84,6286.13
Szkoła Podstawowa Nr 6,903280,801,80148,1400,412,0,6400,4788,4381.41,690.48
Szkoła Podstawowa Nr 6,903280,801,80148,1100,422,0,220000,216143.59,216143.59,0
Szkoła Podstawowa Nr 6,903280,801,80148,1100,428,0,303,237,237,0
Szkoła Podstawowa Nr 6,903280,801,80148,1100,444,0,7350,7350,7350,0
Szkoła Podstawowa Nr 6,903280,801,80148,1400,471,0,70,0,0,0
Szkoła Podstawowa Nr 6,903280,801,80150,1400,411,0,111360,111360,109062.29,2297.71
Szkoła Podstawowa Nr 6,903280,801,80150,1400,412,0,15850,15850,15529.58,320.42
Szkoła Podstawowa Nr 6,903280,801,80150,1100,421,0,43750,43750,43750,0
Szkoła Podstawowa Nr 6,903280,801,80150,1400,471,0,30,0,0,0
Szkoła Podstawowa Nr 6,903280,801,80150,1400,479,0,601500,601500,597793.16,3706.84
Szkoła Podstawowa Nr 6,903280,801,80153,1100,424,0,36367.69,36367.69,36367.69,0
Szkoła Podstawowa Nr 6,903280,854,85416,1300,324,0,4960,4960,4960,0
Szkoła Podstawowa Nr 5,903297,801,80101,1300,302,0,11400,11346.38,11346.38,0
Szkoła Podstawowa Nr 5,903297,801,80101,1400,401,0,640000,628575.59,614798.45,13777.14
Szkoła Podstawowa Nr 5,903297,801,80101,1400,404,0,33200,33133.65,33133.65,41125.9
Szkoła Podstawowa Nr 5,903297,801,80101,1400,411,0,419789,418597.57,389258.45,59990.43
Szkoła Podstawowa Nr 5,903297,801,80101,1400,412,0,65178,44638.57,40411.59,7213.15
Szkoła Podstawowa Nr 5,903297,801,80101,1400,417,0,73000,70884.6,69679.4,1205.2
Szkoła Podstawowa Nr 5,903297,801,80101,1100,421,0,95607,50352.41,50352.41,0
Szkoła Podstawowa Nr 5,903297,801,80101,1100,424,0,25000,25000,25000,0
Szkoła Podstawowa Nr 5,903297,801,80101,1100,426,0,161000,154144.85,154144.85,0
Szkoła Podstawowa Nr 5,903297,801,80101,1100,427,0,700,645.48,645.48,0
Szkoła Podstawowa Nr 5,903297,801,80101,1100,428,0,5643,4070,4070,0
Szkoła Podstawowa Nr 5,903297,801,80101,1100,430,0,58000,57704.96,57704.96,0
Szkoła Podstawowa Nr 5,903297,801,80101,1100,436,0,3000,2411.98,2411.98,0
Szkoła Podstawowa Nr 5,903297,801,80101,1100,441,0,2000,47.6,47.6,0
Szkoła Podstawowa Nr 5,903297,801,80101,1100,444,0,181846,172868,172868,0
Szkoła Podstawowa Nr 5,903297,801,80101,1100,470,0,4000,4000,4000,0
Szkoła Podstawowa Nr 5,903297,801,80101,1400,471,0,250,245.01,245.01,15.17
Szkoła Podstawowa Nr 5,903297,801,80101,1400,479,0,1747603,1729069.41,1679254.84,49814.57
Szkoła Podstawowa Nr 5,903297,801,80101,1400,480,0,134500,134500,134500,138121.47
Szkoła Podstawowa Nr 5,903297,801,80101,1600,606,0,76500,73500,73500,0
Szkoła Podstawowa Nr 5,903297,801,80107,1400,411,0,21600,19886.51,18140.07,2563.5
Szkoła Podstawowa Nr 5,903297,801,80107,1400,412,0,2800,1979.83,1792.94,303.95
Szkoła Podstawowa Nr 5,903297,801,80107,1100,421,0,5000,5000,5000,0
Szkoła Podstawowa Nr 5,903297,801,80107,1100,444,0,7437,6700,6700,0
Szkoła Podstawowa Nr 5,903297,801,80107,1400,479,0,125000,114981.04,111758.71,3222.33
Szkoła Podstawowa Nr 5,903297,801,80107,1400,480,0,12700,1320.52,1320.52,4778.1
Szkoła Podstawowa Nr 5,903297,801,80146,1100,430,0,4227,1040,1040,0
Szkoła Podstawowa Nr 5,903297,801,80146,1100,470,0,7045,7045,7045,0
Szkoła Podstawowa Nr 5,903297,801,80148,1300,302,0,1891,751.84,751.84,0
Szkoła Podstawowa Nr 5,903297,801,80148,1400,401,0,180480,180220.52,178047.76,2172.76
Szkoła Podstawowa Nr 5,903297,801,80148,1400,404,0,12520,12513.45,12513.45,14153.56
Szkoła Podstawowa Nr 5,903297,801,80148,1400,411,0,35500,34143.9,31873.03,4691.13
Szkoła Podstawowa Nr 5,903297,801,80148,1400,412,0,6000,3868.98,3617.77,505.01
Szkoła Podstawowa Nr 5,903297,801,80148,1100,421,0,3000,2994.99,2994.99,0
Szkoła Podstawowa Nr 5,903297,801,80148,1100,422,0,128700,127387.54,127387.54,0
Szkoła Podstawowa Nr 5,903297,801,80148,1100,444,0,6652,6651.88,6651.88,0
Szkoła Podstawowa Nr 5,903297,801,80153,1100,424,0,25958.79,25958.79,25958.79,0
Szkoła Podstawowa Nr 5,903297,854,85416,1300,324,0,5208,5208,5208,0
Szkoła Podstawowa Nr 4,903305,801,80101,1300,302,0,7739,6491.26,6491.26,0
Szkoła Podstawowa Nr 4,903305,801,80101,1400,401,0,499644,466838.62,455758.85,11079.77
Szkoła Podstawowa Nr 4,903305,801,80101,1400,404,0,35510,35509.41,35509.41,36970.91
Szkoła Podstawowa Nr 4,903305,801,80101,1400,411,0,387401,362293.91,332194.11,58221.9
Szkoła Podstawowa Nr 4,903305,801,80101,1400,412,0,47633,42512.52,39340.07,6147.31
Szkoła Podstawowa Nr 4,903305,801,80101,1100,414,0,5140,1792,1792,0
Szkoła Podstawowa Nr 4,903305,801,80101,1400,417,0,5000,0,0,0
Szkoła Podstawowa Nr 4,903305,801,80101,1100,421,0,81637,46837.74,46837.74,0
Szkoła Podstawowa Nr 4,903305,801,80101,1100,424,0,52786,3568.17,3568.17,0
Szkoła Podstawowa Nr 4,903305,801,80101,1100,426,0,170040,162467.46,162467.46,0
Szkoła Podstawowa Nr 4,903305,801,80101,1100,427,0,10800,10365.51,10365.51,0
Szkoła Podstawowa Nr 4,903305,801,80101,1100,428,0,1460,960,960,0
Szkoła Podstawowa Nr 4,903305,801,80101,1100,430,0,57802,55476.83,55476.83,0
Szkoła Podstawowa Nr 4,903305,801,80101,1100,436,0,4638,2811.3,2811.3,0
Szkoła Podstawowa Nr 4,903305,801,80101,1100,441,0,1254,564.6,564.6,0
Szkoła Podstawowa Nr 4,903305,801,80101,1100,444,0,150519,150518.06,150518.06,0
Szkoła Podstawowa Nr 4,903305,801,80101,1100,470,0,1604,872.1,872.1,0
Szkoła Podstawowa Nr 4,903305,801,80101,1400,471,0,12137,1128.6,1128.6,89.11
Szkoła Podstawowa Nr 4,903305,801,80101,1400,479,0,1613022,1520639.62,1483319.99,37319.63
Szkoła Podstawowa Nr 4,903305,801,80101,1400,480,0,122337,122336.97,122336.97,127485.96
Szkoła Podstawowa Nr 4,903305,801,80101,1600,605,0,0,0,0,0
Szkoła Podstawowa Nr 4,903305,801,80101,1600,606,0,72000,72000,72000,0
Szkoła Podstawowa Nr 4,903305,801,80107,1400,411,0,25013,23118.21,21047.87,3847.21
Szkoła Podstawowa Nr 4,903305,801,80107,1400,412,0,1330,595.06,563.55,75.7
Szkoła Podstawowa Nr 4,903305,801,80107,1100,444,0,7102,7101.43,7101.43,0
Szkoła Podstawowa Nr 4,903305,801,80107,1400,471,0,1277,646.5,646.5,50.63
Szkoła Podstawowa Nr 4,903305,801,80107,1400,479,0,140947,129893.9,126781.43,3112.47
Szkoła Podstawowa Nr 4,903305,801,80107,1400,480,0,9163,9162.18,9162.18,10391.1
Szkoła Podstawowa Nr 4,903305,801,80146,1100,430,0,3797,860,860,0
Szkoła Podstawowa Nr 4,903305,801,80146,1100,470,0,6328,6279,6279,0
Szkoła Podstawowa Nr 4,903305,801,80148,1300,302,0,617,96.36,96.36,0
Szkoła Podstawowa Nr 4,903305,801,80148,1400,401,0,137840,127731.49,125046.58,2684.91
Szkoła Podstawowa Nr 4,903305,801,80148,1400,404,0,10385,10384.49,10384.49,11229.83
Szkoła Podstawowa Nr 4,903305,801,80148,1400,411,0,26359,24817.21,22843.4,3894.11
Szkoła Podstawowa Nr 4,903305,801,80148,1400,412,0,3777,3555.62,3272.83,557.91
Szkoła Podstawowa Nr 4,903305,801,80148,1100,421,0,64000,64000,64000,0
Szkoła Podstawowa Nr 4,903305,801,80148,1100,422,0,75000,74987.27,74987.27,0
Szkoła Podstawowa Nr 4,903305,801,80148,1100,426,0,0,0,0,0
Szkoła Podstawowa Nr 4,903305,801,80148,1100,428,0,226,170,170,0
Szkoła Podstawowa Nr 4,903305,801,80148,1100,430,0,16000,16000,16000,0
Szkoła Podstawowa Nr 4,903305,801,80148,1100,444,0,4989,4988.91,4988.91,0
Szkoła Podstawowa Nr 4,903305,801,80148,1400,471,0,204,0,0,0
Szkoła Podstawowa Nr 4,903305,801,80150,1400,411,0,2500,2171.79,2171.79,0
Szkoła Podstawowa Nr 4,903305,801,80150,1400,412,0,500,311.2,311.2,0
Szkoła Podstawowa Nr 4,903305,801,80150,1400,479,0,15000,11324.87,11324.87,0
Szkoła Podstawowa Nr 4,903305,801,80153,1100,424,0,21675.06,21675.06,21675.06,0
Szkoła Podstawowa Nr 4,903305,854,85416,1300,324,0,1736,1736,1736,0
